,season,g,mp,fg,fga,fg3,fg3a,ft,fta,orb,trb,ast,stl,blk,tov,pf,pts,fg_pct,fg3_pct,ft_pct,mp_per_g,pts_per_g,trb_per_g,ast_per_g,f_PTS
Precious Achiuwa,2019-20,31,943,182,369,13,40,112,187,93,334,30,34,58,87,73,489,.493,.325,.599,30.4,15.8,10.8,1.0,589
Steven Adams,2012-13,32,749,100,175,0,0,31,70,90,203,20,21,65,35,52,231,.571,NaN,.443,23.4,7.2,6.3,0.6,511
Bam Adebayo,2016-17,38,1145,170,284,0,0,154,236,118,304,32,26,57,64,99,494,.599,NaN,.653,30.1,13.0,8.0,0.8,973
Jarrett Allen,2016-17,33,1061,179,316,0,7,84,149,100,278,27,19,51,84,68,442,.566,.000,.564,32.2,13.4,8.4,0.8,904
Carmelo Anthony,2002-03,35,1274,277,612,56,166,168,238,NaN,349,77,55,30,77,77,778,.453,.337,.706,36.4,22.2,10.0,2.2,876
Cole Anthony,2019-20,22,768,131,345,49,141,96,128,10,125,88,29,6,77,64,407,.380,.348,.750,34.9,18.5,5.7,4.0,"1,042"
Trevor Ariza,2003-04,25,789,107,251,18,76,57,113,NaN,162,52,42,11,NaN,NaN,289,.426,.237,.504,31.6,11.6,6.5,2.1,84
Deandre Ayton,2017-18,35,1172,276,451,12,35,140,191,118,405,57,20,66,69,81,704,.612,.343,.733,33.5,20.1,11.6,1.6,931
Marvin Bagley III,2017-18,33,1118,270,440,23,58,131,209,132,366,50,27,29,75,60,694,.614,.397,.627,33.9,21.0,11.1,1.5,521
Lonzo Ball,2016-17,36,1263,189,343,80,194,66,98,33,216,274,66,28,89,65,524,.551,.412,.673,35.1,14.6,6.0,7.6,455
Mo Bamba,2017-18,30,906,146,270,14,51,81,119,96,316,15,23,111,46,76,387,.541,.275,.681,30.2,12.9,10.5,0.5,674
RJ Barrett,2018-19,38,1341,319,702,73,237,149,224,59,288,164,34,16,123,70,860,.454,.308,.665,35.3,22.6,7.6,4.3,"1,301"
Bradley Beal,2011-12,37,1267,175,393,63,186,133,173,50,249,83,51,31,79,76,546,.445,.339,.769,34.2,14.8,6.7,2.2,928
Malik Beasley,2015-16,34,1014,185,393,55,142,104,128,44,180,51,32,6,59,75,529,.471,.387,.813,29.8,15.6,5.3,1.5,893
Eric Bledsoe,2009-10,37,1122,144,312,49,128,82,123,19,114,107,52,12,112,82,419,.462,.383,.667,30.3,11.3,3.1,2.9,534
Bol Bol,2018-19,9,268,74,132,13,25,28,37,19,86,9,7,24,18,15,189,.561,.520,.757,29.8,21.0,9.6,1.0,33
Devin Booker,2014-15,38,816,135,287,58,141,53,64,17,76,42,17,2,37,58,381,.470,.411,.828,21.5,10.0,2.0,1.1,"1,694"
Avery Bradley,2009-10,34,1003,159,368,42,112,36,66,33,98,71,44,18,52,80,396,.432,.375,.545,29.5,11.6,2.9,2.1,369
Tony Bradley,2016-17,38,553,102,178,0,0,65,105,98,195,23,10,22,25,69,269,.573,NaN,.619,14.6,7.1,5.1,0.6,145
Ignas Brazdeikis,2018-19,37,1096,188,407,56,143,116,150,43,201,31,26,18,46,79,548,.462,.392,.773,29.6,14.8,5.4,0.8,127
Jaylen Brown,2015-16,34,939,163,378,30,102,142,217,36,182,68,27,22,105,108,498,.431,.294,.654,27.6,14.6,5.4,2.0,"1,402"
Moses Brown,2018-19,32,748,133,219,0,0,45,128,108,266,9,19,62,49,75,311,.607,NaN,.352,23.4,9.7,8.3,0.3,99
Troy Brown Jr.,2017-18,35,1093,143,322,32,110,78,105,53,217,111,55,7,86,78,396,.444,.291,.743,31.2,11.3,6.2,3.2,257
Vernon Carey Jr.,2019-20,31,772,199,345,8,21,146,218,83,272,30,22,49,63,85,552,.577,.381,.670,24.9,17.8,8.8,1.0,8
Wendell Carter Jr.,2017-18,37,997,179,319,19,46,124,168,109,335,74,30,76,75,105,501,.561,.413,.738,26.9,13.5,9.1,2.0,931
Marquese Chriss,2015-16,34,848,179,338,21,60,88,129,85,183,26,32,55,69,138,467,.530,.350,.682,24.9,13.7,5.4,0.8,129
Mike Conley,2006-07,39,1231,160,309,21,69,100,144,NaN,134,238,87,10,NaN,NaN,441,.518,.304,.694,31.6,11.3,3.4,6.1,883
DeMarcus Cousins,2009-10,38,893,206,369,1,6,162,268,154,374,38,37,67,78,122,575,.558,.167,.604,23.5,15.1,9.8,1.0,380
Anthony Davis,2011-12,40,1281,210,337,3,20,144,203,119,415,50,54,186,41,78,567,.623,.150,.709,32.0,14.2,10.4,1.3,855
DeMar DeRozan,2008-09,35,NaN,192,367,6,36,95,147,NaN,201,51,31,13,73,NaN,485,.523,.167,.646,NaN,13.9,5.7,1.5,"1,937"
Hamidou Diallo,2017-18,37,918,134,313,26,77,77,125,33,135,46,28,13,51,96,371,.428,.338,.616,24.8,10.0,3.6,1.2,636
Luguentz Dort,2018-19,34,1072,174,430,54,176,145,207,44,145,79,52,7,99,102,547,.405,.307,.700,31.5,16.1,4.3,2.3,877
Andre Drummond,2011-12,34,967,157,292,0,2,26,88,114,257,15,28,92,52,75,340,.538,.000,.295,28.4,10.0,7.6,0.4,505
Kevin Durant,2006-07,35,1255,306,647,82,203,209,256,NaN,390,46,66,67,NaN,NaN,903,.473,.404,.816,35.9,25.8,11.1,1.3,"1,415"
Anthony Edwards,2019-20,32,1057,203,505,72,245,132,171,24,167,91,43,18,87,70,610,.402,.294,.772,33.0,19.1,5.2,2.8,"1,383"
Joel Embiid,2013-14,28,647,107,171,1,5,98,143,65,227,38,25,72,66,94,313,.626,.200,.685,23.1,11.2,8.1,1.4,"1,824"
Derrick Favors,2009-10,36,989,179,293,0,1,90,143,108,303,37,32,74,90,94,448,.611,.000,.629,27.5,12.4,8.4,1.0,206
De'Aaron Fox,2016-17,36,1064,214,447,17,69,156,212,21,143,165,53,7,87,90,601,.479,.246,.736,29.6,16.7,4.0,4.6,"1,367"
Markelle Fultz,2016-17,25,892,209,439,52,126,109,168,33,143,148,40,30,80,63,579,.476,.413,.649,35.7,23.2,5.7,5.9,115
Darius Garland,2018-19,5,139,29,54,11,23,12,16,2,19,13,4,2,15,7,81,.537,.478,.750,27.8,16.2,3.8,2.6,"1,314"
Shai Gilgeous-Alexander,2017-18,37,1248,183,377,23,57,143,175,33,153,189,61,18,100,62,532,.485,.404,.817,33.7,14.4,4.1,5.1,"1,371"
Aaron Gordon,2013-14,38,1187,189,382,16,45,76,180,102,303,75,34,39,55,90,470,.495,.356,.422,31.2,12.4,8.0,2.0,"1,028"
Eric Gordon,2007-08,32,1110,184,425,70,208,231,277,NaN,104,78,42,20,115,NaN,669,.433,.337,.834,34.7,20.9,3.3,2.4,765
Josh Green,2019-20,30,926,122,288,30,83,85,109,39,137,78,46,13,49,73,359,.424,.361,.780,30.9,12.0,4.6,2.6,278
Maurice Harkless,2011-12,32,1155,193,427,17,79,94,139,88,276,47,51,45,80,74,497,.452,.215,.676,36.1,15.5,8.6,1.5,217
Tobias Harris,2010-11,34,993,185,402,23,76,128,170,67,247,44,24,29,62,70,521,.460,.303,.753,29.2,15.3,7.3,1.3,"1,138"
Jaxson Hayes,2018-19,32,747,123,169,0,0,74,100,56,160,9,19,71,29,107,320,.728,NaN,.740,23.3,10.0,5.0,0.3,566
Tyler Herro,2018-19,37,1207,186,403,60,169,87,93,15,166,91,40,12,60,47,519,.462,.355,.935,32.6,14.0,4.5,2.5,"1,268"
Jaylen Hoard,2018-19,31,936,152,332,12,53,91,127,80,236,47,19,20,78,68,407,.458,.226,.717,30.2,13.1,7.6,1.5,0
Jrue Holiday,2008-09,35,NaN,112,249,27,88,45,62,NaN,132,129,55,18,75,NaN,296,.450,.307,.726,NaN,8.5,3.8,3.7,"1,118"
Talen Horton-Tucker,2018-19,35,952,155,382,49,159,55,88,23,170,82,45,23,60,79,414,.406,.308,.625,27.2,11.8,4.9,2.3,495
Brandon Ingram,2015-16,36,1246,214,484,80,195,116,170,67,244,72,41,49,72,74,624,.442,.410,.682,34.6,17.3,6.8,2.0,"1,166"
Kyrie Irving,2010-11,11,303,55,104,18,39,64,71,6,37,47,16,6,27,23,192,.529,.462,.901,27.5,17.5,3.4,4.3,597
Frank Jackson,2016-17,36,895,133,281,51,129,77,102,23,90,61,20,2,49,85,394,.473,.395,.755,24.9,10.9,2.5,1.7,480
Jaren Jackson Jr.,2017-18,35,764,119,232,38,96,106,133,52,203,39,21,106,62,112,382,.513,.396,.797,21.8,10.9,5.8,1.1,"1,213"
Josh Jackson,2016-17,35,1077,220,429,34,90,98,173,81,258,104,59,37,97,104,572,.513,.378,.566,30.8,16.3,7.4,3.0,280
Keldon Johnson,2018-19,37,1137,172,373,45,118,109,155,49,217,60,28,6,60,83,498,.461,.381,.703,30.7,13.5,5.9,1.6,"1,142"
Stanley Johnson,2014-15,38,1081,174,390,43,116,132,178,75,247,63,57,15,82,100,523,.446,.371,.742,28.4,13.8,6.5,1.7,249
Derrick Jones Jr.,2015-16,30,646,129,219,8,39,79,133,52,134,24,27,40,36,93,345,.589,.205,.594,21.5,11.5,4.5,0.8,252
Tyus Jones,2014-15,39,1322,135,324,47,124,144,162,19,137,217,59,3,76,46,461,.417,.379,.889,33.9,11.8,3.5,5.6,578
DeAndre Jordan,2007-08,35,703,113,183,0,0,52,119,NaN,210,15,7,44,57,NaN,278,.617,NaN,.437,20.1,7.9,6.0,0.4,176
Cory Joseph,2010-11,36,1166,136,322,52,126,51,73,23,128,109,37,11,54,65,375,.422,.413,.699,32.4,10.4,3.6,3.0,508
Louis King,2018-19,31,943,148,340,59,153,62,79,41,171,40,27,7,64,77,417,.435,.386,.785,30.4,13.5,5.5,1.3,45
Romeo Langford,2018-19,32,1090,177,395,34,125,140,194,45,172,75,25,26,68,60,528,.448,.272,.722,34.1,16.5,5.4,2.3,214
Zach LaVine,2013-14,37,904,127,288,48,128,47,68,18,94,66,33,6,42,73,349,.441,.375,.691,24.4,9.4,2.5,1.8,"1,537"
Nassir Little,2018-19,36,656,131,274,14,52,77,100,57,166,24,19,19,48,59,353,.478,.269,.770,18.2,9.8,4.6,0.7,410
Kevon Looney,2014-15,36,1113,151,321,22,53,92,147,122,331,51,46,32,45,104,416,.470,.415,.626,30.9,11.6,9.2,1.4,473
Kevin Love,2007-08,39,1156,227,406,29,82,198,258,NaN,415,75,27,56,78,NaN,681,.559,.354,.767,29.6,17.5,10.6,1.9,905
Trey Lyles,2014-15,36,828,117,240,4,29,75,102,65,188,38,19,16,41,57,313,.488,.138,.735,23.0,8.7,5.2,1.1,709
Lauri Markkanen,2016-17,37,1140,185,376,69,163,137,164,88,266,32,15,19,40,73,576,.492,.423,.835,30.8,15.6,7.2,0.9,788
Tyrese Maxey,2019-20,31,1069,150,351,33,113,100,120,12,133,99,27,12,67,74,433,.427,.292,.833,34.5,14.0,4.3,3.2,"1,166"
Jaden McDaniels,2019-20,31,963,136,336,43,127,87,114,34,180,65,24,43,100,103,402,.405,.339,.763,31.1,13.0,5.8,2.1,629
Ben McLemore,2012-13,37,1191,198,400,73,174,120,138,47,192,73,37,25,77,69,589,.495,.420,.870,32.2,15.9,5.2,2.0,555
De'Anthony Melton,2016-17,36,972,101,231,21,74,77,109,50,170,125,69,37,64,81,300,.437,.284,.706,27.0,8.3,4.7,3.5,710
Malik Monk,2016-17,38,1218,251,558,104,262,148,180,12,95,87,36,19,75,72,754,.450,.397,.822,32.1,19.8,2.5,2.3,898
Dejounte Murray,2015-16,34,1139,202,486,34,118,110,166,48,203,151,62,10,110,90,548,.416,.288,.663,33.5,16.1,6.0,4.4,"1,388"
Jamal Murray,2015-16,36,1267,244,538,113,277,119,152,53,186,79,35,11,84,75,720,.454,.408,.783,35.2,20.0,5.2,2.2,0
Zeke Nnaji,2019-20,32,981,179,314,5,17,152,200,99,276,27,23,28,70,76,515,.570,.294,.760,30.7,16.1,8.6,0.8,265
Nerlens Noel,2012-13,24,765,98,166,0,0,55,104,65,227,38,50,106,45,62,251,.590,NaN,.529,31.9,10.5,9.5,1.6,85
Onyeka Okongwu,2019-20,28,858,175,284,1,4,103,143,92,242,30,34,76,56,75,454,.616,.250,.720,30.6,16.2,8.6,1.1,344
Isaac Okoro,2019-20,28,881,125,243,20,70,90,134,53,124,57,26,25,55,76,360,.514,.286,.672,31.5,12.9,4.4,2.0,549
Kelly Oubre Jr.,2014-15,36,756,110,248,34,95,79,110,41,179,28,41,13,43,71,333,.444,.358,.718,21.0,9.3,5.0,0.8,"1,059"
Jabari Parker,2013-14,35,1074,236,499,38,106,160,214,105,306,41,37,43,81,83,670,.473,.358,.748,30.7,19.1,8.7,1.2,53
Kevin Porter Jr.,2018-19,21,464,74,157,28,68,24,46,20,84,30,17,11,39,44,200,.471,.412,.522,22.1,9.5,4.0,1.4,774
Michael Porter Jr.,2017-18,3,53,10,30,3,10,7,9,4,20,1,3,1,3,6,30,.333,.300,.778,17.7,10.0,6.7,0.3,89
Jahmi'us Ramsey,2019-20,27,842,148,335,60,141,50,78,20,108,60,36,18,54,59,406,.442,.426,.641,31.2,15.0,4.0,2.2,60
Julius Randle,2013-14,40,1233,196,391,3,18,204,289,139,416,57,20,31,101,91,599,.501,.167,.706,30.8,15.0,10.4,1.4,"1,426"
Cam Reddish,2018-19,36,1069,154,432,89,267,88,114,20,133,70,56,21,96,86,485,.356,.333,.772,29.7,13.5,3.7,1.9,497
Naz Reid,2018-19,34,926,171,365,28,84,93,128,86,245,29,25,23,85,108,463,.468,.333,.727,27.2,13.6,7.2,0.9,592
Austin Rivers,2011-12,34,1129,174,402,58,159,121,184,21,115,71,33,1,79,76,527,.433,.365,.658,33.2,15.5,3.4,2.1,376
Derrick Rose,2007-08,40,1168,208,436,35,104,146,205,NaN,181,189,48,15,107,NaN,597,.477,.337,.712,29.2,14.9,4.5,4.7,311
D'Angelo Russell,2014-15,35,1188,231,515,95,231,118,156,35,198,175,55,11,102,74,675,.449,.411,.756,33.9,19.3,5.7,5.0,"1,100"
Collin Sexton,2017-18,33,987,196,438,44,131,196,252,34,124,119,28,3,92,81,632,.447,.336,.778,29.9,19.2,3.8,3.6,176
Ben Simmons,2015-16,33,1151,216,386,1,3,199,297,103,388,158,65,27,111,92,632,.560,.333,.670,34.9,19.2,11.8,4.8,0
Dennis Smith Jr.,2016-17,32,1114,191,420,55,153,143,200,26,146,197,62,14,108,67,580,.455,.359,.715,34.8,18.1,4.6,6.2,206
Cassius Stanley,2019-20,29,796,128,270,31,86,77,105,54,141,30,20,21,54,63,364,.474,.360,.733,27.4,12.6,4.9,1.0,52
Isaiah Stewart,2019-20,32,1031,192,337,5,20,154,199,88,281,27,17,66,71,84,543,.570,.250,.774,32.2,17.0,8.8,0.8,533
Jayson Tatum,2016-17,29,966,165,365,40,117,118,139,39,213,62,39,33,76,86,488,.452,.342,.849,33.3,16.8,7.3,2.1,"1,923"
Tyrell Terry,2019-20,31,1010,147,333,62,152,98,110,11,139,99,43,2,82,64,454,.441,.408,.891,32.6,14.6,4.5,3.2,2
Tristan Thompson,2010-11,36,1104,172,315,0,0,127,261,138,282,45,34,86,64,100,471,.546,NaN,.487,30.7,13.1,7.8,1.3,303
Karl-Anthony Towns,2014-15,39,822,145,256,2,8,109,134,92,261,44,18,88,53,115,401,.566,.250,.813,21.1,10.3,6.7,1.1,"1,695"
Gary Trent Jr.,2017-18,37,1253,177,427,97,241,85,97,31,157,52,43,5,38,62,536,.415,.402,.876,33.9,14.5,4.2,1.4,"1,131"
Rayjon Tucker,2018-19,30,1097,187,381,72,175,164,211,23,202,53,33,11,78,68,610,.491,.411,.777,36.6,20.3,6.7,1.8,6
Myles Turner,2014-15,34,755,117,257,17,62,94,112,44,222,20,10,89,47,82,345,.455,.274,.839,22.2,10.1,6.5,0.6,540
Jarred Vanderbilt,2017-18,14,238,29,68,0,1,24,38,46,110,14,6,11,15,37,82,.426,.000,.632,17.0,5.9,7.9,1.0,482
Lonnie Walker IV,2017-18,32,888,132,318,56,162,48,65,13,83,61,30,15,37,51,368,.415,.346,.738,27.8,11.5,2.6,1.9,793
John Wall,2009-10,37,1288,202,438,37,114,175,232,30,159,241,66,19,149,72,616,.461,.325,.754,34.8,16.6,4.3,6.5,0
Coby White,2018-19,35,999,188,444,82,232,104,130,12,124,143,38,11,93,68,562,.423,.353,.800,28.5,16.1,3.5,4.1,708
Derrick White,2016-17,34,1116,205,404,57,144,148,182,35,139,148,42,49,81,72,615,.507,.396,.813,32.8,18.1,4.1,4.4,916
Hassan Whiteside,2009-10,34,889,167,319,3,5,110,187,92,303,10,19,182,64,82,447,.524,.600,.588,26.1,13.1,8.9,0.3,485
Andrew Wiggins,2013-14,35,1148,189,422,43,126,176,227,76,205,54,41,34,80,94,597,.448,.341,.775,32.8,17.1,5.9,1.5,"1,163"
Patrick Williams,2019-20,29,653,95,207,16,50,62,74,38,116,29,29,30,50,47,268,.459,.320,.838,22.5,9.2,4.0,1.0,52
Zion Williamson,2018-19,33,990,296,435,24,71,130,203,116,293,68,70,59,78,68,746,.680,.338,.640,30.0,22.6,8.9,2.1,0
Justise Winslow,2014-15,39,1135,173,356,46,110,100,156,49,252,82,52,34,71,108,492,.486,.418,.641,29.1,12.6,6.5,2.1,274
James Wiseman,2019-20,3,69,20,26,0,1,19,27,13,32,1,1,9,3,5,59,.769,.000,.704,23.0,19.7,10.7,0.3,0
Thaddeus Young,2006-07,31,917,177,370,39,93,52,70,NaN,151,63,39,12,NaN,NaN,445,.478,.419,.743,29.6,14.4,4.9,2.0,277
Trae Young,2017-18,32,1133,261,618,118,328,236,274,14,125,279,54,8,167,57,876,.422,.360,.861,35.4,27.4,3.9,8.7,"1,929"
LaMarcus Aldridge,2004-2005,26.5,801.0,138.0,235.5,0.0,0.0,80.5,124.0,0.0,217.0,17.0,33.5,48.5,0.0,0.0,356.5,0.62,0.0,0.65,27.95,12.45,7.55,0.7,607
Nickeil Alexander-Walker,2017-2018,33.5,1003.0,157.0,338.5,58.0,151.5,79.0,103.5,19.5,133.0,92.0,46.0,18.0,74.5,63.5,451.0,0.46,0.38,0.75,29.85,13.45,3.95,2.75,680
Grayson Allen,2014-2017,35.5,991.25,151.5,352.25,72.75,191.5,123.25,147.75,19.0,112.5,108.0,36.75,3.5,60.0,74.25,499.0,0.43,0.37,0.84,27.75,14.0,3.15,3.0,697
Al-Farouq Aminu,2008-2009,31.0,485.0,156.5,328.5,12.5,52.5,120.5,175.5,66.5,292.5,43.5,37.0,41.0,90.0,45.5,446.0,0.48,0.23,0.68,15.65,14.35,9.45,1.4,0
Kyle Anderson,2012-2013,35.5,1121.0,151.5,335.0,18.0,48.0,111.5,151.5,59.5,308.5,177.5,63.0,29.0,91.5,66.0,432.5,0.45,0.35,0.74,31.55,12.15,8.7,5.0,469
OG Anunoby,2015-2016,25.0,434.0,67.0,119.0,13.5,37.0,23.5,45.0,35.0,88.5,20.5,24.0,23.5,27.0,42.5,171.0,0.56,0.38,0.52,19.4,8.0,4.0,0.95,778
Ryan Arcidiacono,2012-2015,36.0,1148.0,121.75,307.0,65.25,182.25,92.25,115.25,11.0,83.25,133.75,42.25,1.0,63.25,70.5,401.0,0.39,0.36,0.79,31.9,11.1,2.28,3.7,6
D.J. Augustin,2006-2007,36.5,1331.0,198.0,447.0,59.5,148.0,161.5,200.0,0.0,105.5,226.0,50.0,1.5,52.5,0.0,617.0,0.44,0.41,0.81,36.45,16.8,2.85,6.25,262
Udoka Azubuike,2016-2019,21.75,508.25,117.25,157.25,0.0,0.0,32.75,78.75,56.75,171.25,15.0,10.25,43.0,43.0,60.0,267.25,0.71,0.0,0.39,21.15,11.27,7.18,0.6,80
Desmond Bane,2016-2019,35.25,1069.75,164.75,332.75,62.25,143.75,54.25,67.5,34.25,165.25,83.25,33.0,13.5,55.0,76.5,446.0,0.5,0.43,0.8,30.68,12.85,4.75,2.45,"1,313"
Harrison Barnes,2010-2011,37.5,1099.0,219.0,509.0,58.0,166.0,117.0,159.5,74.5,207.0,48.0,34.0,14.5,73.0,70.0,613.0,0.43,0.35,0.74,29.3,16.35,5.5,1.25,"1,192"
Will Barton,2010-2011,35.0,1153.0,198.5,421.0,38.0,127.0,96.0,131.0,59.5,226.0,100.5,52.0,21.0,82.0,77.0,531.0,0.47,0.31,0.72,32.95,15.15,6.45,2.85,967
Keita Bates-Diop,2014-2017,27.25,675.5,117.25,248.25,30.75,87.25,52.75,68.0,31.0,155.25,30.25,17.0,32.0,33.5,38.75,318.0,0.48,0.34,0.74,24.45,11.28,5.6,1.12,281
Kent Bazemore,2008-2011,35.0,777.5,129.0,288.75,25.0,74.75,71.0,122.25,39.5,160.5,94.75,62.5,16.75,80.0,63.25,354.0,0.45,0.32,0.55,22.22,10.15,4.62,2.72,132
Jordan Bell,2014-2016,35.0,863.67,115.0,188.67,1.0,5.33,40.33,64.0,74.67,239.67,51.67,37.0,78.0,54.0,80.33,271.33,0.6,0.07,0.58,24.33,7.6,6.73,1.43,0
DeAndre' Bembry,2013-2015,33.67,1215.0,193.33,423.33,40.0,128.33,103.33,164.67,45.67,224.0,121.33,47.67,26.0,82.67,83.0,530.0,0.46,0.31,0.63,36.17,15.73,6.67,3.6,284
Patrick Beverley,2006-2007,35.0,0.0,143.0,340.5,69.0,180.5,98.5,135.0,0.0,193.5,97.0,52.5,15.0,34.5,0.0,453.5,0.42,0.38,0.73,0.0,13.0,5.55,2.75,501
Saddiq Bey,2018-2019,33.5,1057.5,142.0,302.5,64.0,153.0,49.5,68.0,57.0,165.0,60.0,27.5,12.0,37.0,77.5,397.5,0.47,0.41,0.71,31.75,12.15,4.9,1.85,"1,220"
Khem Birch,2011-2013,23.0,585.0,69.33,130.67,0.0,0.0,65.0,97.33,70.67,178.67,18.33,13.67,70.33,27.33,49.67,203.67,0.55,0.0,0.63,22.73,7.7,6.97,0.6,228
Keljin Blevins,2014-2018,29.25,677.5,79.75,200.0,11.25,48.0,51.75,80.25,37.5,128.25,30.5,15.5,7.75,52.5,56.25,222.5,0.37,0.22,0.62,22.78,7.28,4.22,1.0,66
Chris Boucher,2015-2016,34.5,856.0,150.0,282.0,37.5,109.0,75.0,117.0,78.5,234.0,14.0,21.0,94.5,37.5,92.5,412.5,0.53,0.34,0.62,24.7,11.95,6.75,0.4,683
Mikal Bridges,2015-2017,38.67,1057.0,152.67,291.0,57.0,142.67,74.67,88.33,43.67,168.0,61.0,54.33,33.67,41.33,85.67,437.0,0.53,0.38,0.85,27.4,11.3,4.37,1.6,"1,067"
Miles Bridges,2016-2017,31.0,981.0,193.0,410.5,63.5,169.5,78.0,100.5,42.0,234.5,75.0,20.0,34.5,66.5,52.5,527.5,0.47,0.38,0.77,31.7,17.0,7.65,2.4,"1,491"
Oshae Brissett,2017-2018,35.5,1266.0,154.5,416.0,42.5,138.5,136.5,185.5,78.5,291.0,47.5,38.0,28.0,69.0,77.0,488.0,0.37,0.3,0.72,35.55,13.65,8.15,1.35,524
Malcolm Brogdon,2011-2015,34.0,1039.25,150.25,349.75,46.25,126.75,105.5,120.5,20.5,140.75,83.75,29.25,7.75,51.75,62.5,452.25,0.42,0.36,0.86,30.1,12.9,4.05,2.4,687
Armoni Brooks,2016-2018,33.33,726.67,109.0,262.67,76.33,192.33,19.67,27.67,26.67,141.67,18.67,21.67,8.33,20.33,44.33,314.0,0.42,0.39,0.75,21.0,9.03,4.1,0.57,283
Dillon Brooks,2014-2016,36.33,1051.0,195.67,414.33,44.33,122.33,101.67,128.0,58.0,165.0,93.0,32.0,17.0,78.0,106.67,537.33,0.47,0.36,0.8,28.8,14.77,4.5,2.53,504
Charlie Brown Jr.,2016-2018,31.5,1099.5,167.0,410.5,67.0,181.0,102.0,122.0,49.5,176.0,40.5,29.0,23.0,47.5,75.0,503.0,0.4,0.37,0.83,34.9,15.9,5.6,1.3,30
Sterling Brown,2013-2016,34.0,873.0,98.5,195.5,32.0,71.0,48.5,63.0,47.5,163.25,73.5,34.75,12.75,52.5,76.0,277.5,0.51,0.45,0.75,25.8,8.28,4.82,2.2,153
Jalen Brunson,2015-2017,38.67,1116.33,193.0,378.33,59.0,150.0,110.67,135.0,15.67,95.0,144.0,32.33,0.33,72.33,69.67,555.67,0.5,0.39,0.82,28.97,14.4,2.5,3.73,"1,168"
Thomas Bryant,2015-2016,34.5,872.5,152.5,257.5,14.0,37.5,102.0,142.0,73.0,214.0,42.0,21.5,42.0,68.0,101.5,421.0,0.6,0.36,0.72,25.35,12.25,6.2,1.25,192
Reggie Bullock,2010-2012,33.33,819.0,119.33,271.67,62.67,162.0,28.33,39.33,52.0,165.0,56.33,29.0,7.0,31.33,40.33,329.67,0.43,0.37,0.69,23.77,9.6,4.8,1.63,515
Trey Burke,2011-2012,36.5,1302.5,218.0,484.5,66.5,181.0,113.0,145.5,21.5,121.0,208.0,46.5,16.5,90.0,63.0,615.5,0.45,0.37,0.77,35.7,16.7,3.35,5.65,207
Alec Burks,2009-2010,34.0,1050.0,211.5,427.5,23.5,75.0,199.0,247.5,74.5,198.5,82.5,38.0,12.0,78.5,81.5,645.5,0.5,0.32,0.8,30.8,18.8,5.75,2.35,862
Jimmy Butler,2008-2010,35.33,815.67,130.0,256.0,12.0,31.33,153.67,198.67,57.33,193.0,60.0,38.33,16.67,36.67,39.0,425.67,0.51,0.28,0.77,22.97,12.0,5.47,1.67,"1,126"
Devontae Cacok,2015-2018,32.25,766.0,162.75,254.5,0.25,0.25,72.5,122.5,112.5,315.5,16.5,28.0,22.75,49.5,104.5,398.25,0.66,0.25,0.55,23.3,12.12,9.62,0.5,40
Kentavious Caldwell-Pope,2011-2012,32.0,1057.0,169.0,407.0,74.5,219.5,94.0,125.0,41.0,196.0,48.0,61.5,14.0,50.0,69.5,506.5,0.41,0.34,0.73,33.0,15.85,6.15,1.5,899
Jevon Carter,2014-2017,36.0,1074.75,146.75,360.25,60.25,169.5,85.75,107.5,32.75,134.5,139.75,82.5,8.5,66.0,89.5,439.5,0.4,0.35,0.79,29.75,12.1,3.7,3.85,253
Michael Carter-Williams,2011-2012,33.0,839.0,90.0,226.0,21.0,68.5,71.0,104.5,30.0,118.5,172.5,64.5,13.5,77.0,58.5,272.0,0.41,0.34,0.63,22.75,7.3,3.25,4.7,0
Alex Caruso,2012-2015,34.25,983.25,95.5,210.0,22.75,67.0,58.75,85.75,26.0,128.25,162.25,69.0,14.75,86.5,85.75,272.5,0.45,0.33,0.69,28.7,7.93,3.72,4.72,295
Willie Cauley-Stein,2012-2014,35.0,858.33,115.33,194.33,0.0,0.0,50.33,99.0,83.33,218.33,30.0,38.33,77.67,42.33,82.0,281.0,0.6,0.0,0.49,24.43,8.0,6.23,0.87,34
Chris Chiozza,2014-2017,34.75,873.5,86.0,219.75,32.5,99.5,51.75,69.25,14.0,110.5,142.75,47.75,1.75,55.75,72.0,256.25,0.39,0.33,0.72,25.18,7.35,3.18,4.1,67
Brandon Clarke,2015-2018,32.67,908.33,195.0,305.33,2.0,8.0,81.0,131.0,89.33,250.67,61.67,33.33,77.33,48.0,70.33,473.0,0.64,0.26,0.61,27.83,14.33,7.63,1.9,610
Jordan Clarkson,2010-2013,31.0,984.0,157.67,358.33,31.67,98.33,130.67,162.33,24.67,103.33,83.0,29.0,8.67,84.67,70.33,477.67,0.44,0.32,0.8,31.3,15.17,3.27,2.6,"1,158"
Nic Claxton,2017-2018,32.5,748.0,90.5,198.0,13.0,43.0,78.5,128.5,63.5,201.5,32.0,19.5,61.5,45.0,73.5,272.5,0.45,0.32,0.58,23.15,8.45,6.25,1.0,349
Amir Coffey,2016-2018,29.0,977.67,138.67,309.67,31.33,95.67,109.67,149.33,21.67,110.33,92.33,27.0,6.0,60.67,49.0,418.33,0.45,0.34,0.73,33.33,14.27,3.83,3.2,550
John Collins,2015-2016,32.0,662.0,157.5,262.0,0.0,0.5,114.5,157.0,88.0,223.0,12.0,15.0,37.5,45.5,90.0,429.5,0.58,0.0,0.72,20.5,13.25,6.85,0.35,876
Pat Connaughton,2011-2014,34.75,1121.0,128.75,286.25,67.0,173.75,41.75,53.75,34.25,205.75,64.25,23.25,17.75,33.75,58.0,366.25,0.45,0.38,0.77,32.25,10.55,5.9,1.88,597
Tyler Cook,2016-2018,31.0,867.0,164.67,303.67,1.0,7.0,108.0,169.0,65.33,206.33,54.67,21.0,16.33,79.67,77.0,438.33,0.54,0.13,0.63,27.77,14.03,6.57,1.73,64
Robert Covington,2009-2012,29.5,884.0,155.75,327.25,45.5,107.75,80.0,99.75,76.5,219.0,36.25,45.25,37.5,68.75,88.5,437.0,0.47,0.42,0.8,30.08,14.9,7.48,1.25,510
Torrey Craig,2010-2013,32.75,1015.25,186.75,452.0,74.25,224.75,84.25,125.5,69.25,236.0,59.0,34.5,25.25,86.75,81.5,532.0,0.41,0.33,0.67,30.98,16.18,7.2,1.8,463
Jae Crowder,2010-2011,36.0,1087.0,187.5,381.0,51.5,147.0,98.0,143.5,76.5,272.5,65.5,68.0,33.5,37.0,89.0,524.5,0.49,0.35,0.68,30.25,14.65,7.6,1.85,601
Jarrett Culver,2017-2018,37.5,1106.0,199.5,435.0,52.0,152.5,108.5,158.0,46.5,210.0,104.5,49.0,24.0,80.0,75.0,559.5,0.46,0.34,0.68,29.45,14.85,5.6,2.75,116
Seth Curry,2008-2012,35.25,770.0,170.5,395.5,81.25,206.25,103.0,124.5,15.0,99.5,72.5,43.25,6.75,56.25,49.0,525.25,0.43,0.4,0.83,21.88,14.98,2.82,2.05,906
Stephen Curry,2006-2008,34.67,1129.0,290.33,622.0,138.0,334.67,159.67,182.33,27.0,157.67,129.33,73.67,9.33,104.67,84.33,878.33,0.47,0.41,0.88,32.57,25.33,4.53,3.77,"1,630"
Ed Davis,2008-2009,30.5,320.5,105.0,191.5,0.0,0.0,71.0,114.0,33.0,235.0,22.0,12.0,64.5,43.0,21.0,281.0,0.55,0.0,0.62,13.95,10.05,8.1,0.8,28
Dewayne Dedmon,2011-2012,25.5,578.0,76.5,147.0,0.0,2.0,27.0,44.0,59.5,162.5,12.5,24.0,42.5,39.0,78.5,180.0,0.53,0.0,0.61,22.8,7.15,6.25,0.45,396
Mamadi Diakite,2016-2019,33.5,698.75,99.0,189.0,7.0,20.75,44.25,61.5,40.75,138.5,10.25,15.75,39.0,34.25,72.25,249.25,0.54,0.23,0.69,21.05,7.58,4.2,0.3,56
Gorgui Dieng,2010-2012,34.0,929.67,112.67,206.67,0.33,1.0,58.0,90.67,101.33,267.0,42.33,34.67,89.0,55.33,93.33,283.67,0.56,0.17,0.62,26.5,8.2,7.63,1.27,151
Spencer Dinwiddie,2011-2013,28.67,863.33,96.67,230.0,38.33,99.33,140.0,168.67,14.0,96.0,75.67,32.33,9.67,51.0,60.33,371.67,0.43,0.4,0.83,30.33,13.33,3.3,2.87,852
Donte DiVincenzo,2015-2017,28.33,721.0,101.0,215.33,43.33,114.67,44.67,63.33,31.0,114.33,68.0,26.33,6.0,45.67,50.33,290.0,0.41,0.31,0.47,21.0,7.97,3.47,1.87,306
Damyean Dotson,2012-2016,33.5,976.5,161.25,347.5,60.75,159.75,49.75,62.5,41.5,168.75,37.25,25.25,5.25,38.5,53.5,433.0,0.46,0.36,0.8,29.25,13.02,5.1,1.12,4
Devon Dotson,2018-2019,33.0,1107.5,164.5,347.0,35.5,107.0,128.5,159.0,19.5,127.0,123.5,56.0,4.0,77.0,72.5,493.0,0.48,0.34,0.81,33.65,15.2,3.9,3.75,29
PJ Dozier,2015-2016,35.0,840.0,141.0,354.0,26.0,94.0,57.0,98.5,33.0,137.0,85.5,47.0,11.5,84.0,91.5,365.0,0.39,0.26,0.57,23.85,10.3,3.9,2.45,97
Kris Dunn,2012-2015,23.75,749.25,106.0,235.75,18.25,51.5,73.25,105.75,26.5,121.5,138.0,52.0,9.5,78.75,70.0,303.5,0.41,0.25,0.77,30.18,10.38,4.53,5.48,74
CJ Elleby,2018-2019,32.0,1030.0,182.5,441.5,63.5,173.0,101.5,135.5,45.0,239.0,78.0,44.5,22.0,82.5,88.0,530.0,0.42,0.38,0.74,32.2,16.55,7.45,2.45,283
Wayne Ellington,2006-2008,38.33,0.0,205.33,443.67,76.33,192.33,77.67,96.0,0.0,156.33,86.0,36.33,4.67,42.67,0.0,564.67,0.46,0.4,0.81,0.0,14.7,4.1,2.27,253
Drew Eubanks,2015-2017,32.0,905.0,149.0,249.0,0.0,0.0,77.67,112.0,61.67,210.0,29.0,16.33,54.33,64.67,90.0,375.67,0.6,0.0,0.68,28.27,11.77,6.57,0.9,447
Tacko Fall,2015-2018,28.75,662.25,124.25,168.0,0.0,0.25,41.5,96.0,76.75,221.75,12.5,6.25,70.0,60.0,74.75,290.0,0.74,0.0,0.46,22.68,10.18,7.57,0.42,12
Bruno Fernando,2017-2018,32.0,846.0,145.5,244.5,2.0,6.5,92.0,120.5,72.5,279.0,44.5,16.5,50.5,74.0,89.5,385.0,0.59,0.32,0.76,26.2,11.95,8.55,1.35,59
Dorian Finney-Smith,2011-2015,33.5,958.5,120.0,292.0,46.25,127.75,71.0,108.0,86.75,238.25,64.0,26.25,23.0,60.0,80.25,357.25,0.4,0.36,0.64,28.6,10.7,7.05,1.92,781
Malik Fitts,2016-2019,31.67,955.67,149.0,325.0,49.67,126.67,79.0,106.0,40.0,207.33,35.0,34.67,9.67,51.67,84.67,426.67,0.45,0.38,0.7,29.77,13.03,6.43,1.07,9
Malachi Flynn,2016-2019,31.33,1044.0,150.0,357.33,70.33,194.0,81.33,97.67,16.67,113.33,128.33,42.0,2.0,62.67,57.0,451.67,0.42,0.37,0.81,33.3,14.37,3.6,4.1,173
Bryn Forbes,2012-2015,34.5,1002.5,141.25,314.5,81.0,186.25,72.0,87.75,16.75,84.75,45.5,21.75,2.0,41.0,54.75,435.5,0.45,0.43,0.82,29.25,12.8,2.52,1.35,634
Trent Forrest,2016-2019,34.25,868.5,97.5,211.0,6.75,27.25,84.0,112.25,34.5,140.5,113.75,56.0,11.0,65.0,51.25,285.75,0.47,0.21,0.74,25.45,8.43,4.12,3.35,189
Tim Frazier,2009-2013,27.0,826.4,101.6,242.8,14.8,47.8,90.6,117.0,23.0,104.4,128.2,39.2,4.0,71.0,68.4,308.6,0.4,0.3,0.77,30.8,12.26,3.96,4.58,39
Wenyen Gabriel,2016-2017,37.5,763.0,73.5,172.5,31.0,84.5,34.5,55.5,63.0,191.0,23.5,20.5,37.0,35.0,102.0,212.5,0.42,0.36,0.62,20.4,5.7,5.1,0.65,82
Daniel Gafford,2017-2018,33.5,854.5,189.0,297.5,0.0,0.0,99.5,177.0,84.0,247.0,23.5,24.5,70.5,56.5,101.0,477.5,0.63,0.0,0.56,25.65,14.35,7.45,0.7,585
Langston Galloway,2010-2013,33.25,1180.0,164.25,375.25,85.75,201.5,83.5,101.75,32.5,149.25,74.0,42.75,16.5,39.0,81.75,497.75,0.44,0.42,0.82,35.48,14.95,4.47,2.25,14
Rudy Gay,2004-2005,32.0,954.0,159.5,346.0,28.0,74.0,88.0,122.0,0.0,189.0,58.0,41.5,55.5,0.0,0.0,435.0,0.46,0.39,0.72,29.8,13.5,5.9,1.8,413
Paul George,2008-2009,31.5,481.0,160.0,358.0,61.0,154.0,106.0,132.0,27.5,211.0,75.5,61.5,29.0,86.5,42.0,487.0,0.45,0.4,0.8,16.6,15.55,6.7,2.45,641
Taj Gibson,2006-2008,35.0,0.0,167.33,288.67,0.0,0.0,101.0,160.67,0.0,298.67,47.33,25.67,84.33,51.0,0.0,435.67,0.58,0.0,0.63,0.0,12.43,8.5,1.37,200
Anthony Gill,2014-2015,35.5,948.0,165.5,285.0,1.0,1.5,120.0,168.5,91.0,223.5,28.5,26.5,18.5,40.5,79.5,452.0,0.58,0.5,0.71,26.65,12.7,6.3,0.85,135
Freddie Gillespie,2018-2019,28.0,664.0,85.5,147.0,0.0,0.0,41.0,63.5,89.5,192.5,11.5,25.5,47.0,26.0,77.5,212.0,0.6,0.0,0.61,23.35,7.45,6.7,0.4,21
Brandon Goodwin,2013-2014,29.0,712.5,66.5,155.0,10.5,41.5,51.5,85.5,25.0,85.0,88.0,25.0,2.5,59.0,44.0,195.0,0.42,0.24,0.6,24.25,6.6,2.9,3.0,154
Devonte' Graham,2014-2017,35.5,1124.5,136.5,323.75,74.0,180.75,90.5,115.0,15.5,109.75,158.0,49.25,3.5,67.5,59.25,437.5,0.42,0.42,0.77,30.88,11.92,2.98,4.28,864
Jerami Grant,2012-2013,36.0,788.5,93.5,192.5,3.0,10.0,80.5,125.5,62.0,167.5,31.0,21.5,18.0,31.5,64.5,270.5,0.48,0.2,0.62,22.85,8.0,4.9,0.95,904
Danny Green,2005-2008,36.25,0.0,122.75,269.75,46.0,122.75,50.5,59.75,0.0,147.5,64.0,40.0,38.5,34.25,0.0,342.0,0.45,0.36,0.84,0.0,9.32,4.03,1.72,312
Draymond Green,2008-2011,36.25,799.25,135.75,290.75,22.75,63.0,85.0,123.75,61.0,274.0,106.25,45.0,29.0,69.25,82.5,379.25,0.49,0.22,0.67,22.2,10.5,7.55,2.92,293
JaMychal Green,2008-2011,30.75,636.25,153.5,296.0,0.75,4.25,106.25,149.5,63.75,228.0,38.0,31.25,53.0,78.0,72.5,414.0,0.52,0.3,0.71,21.02,13.48,7.43,1.27,401
Javonte Green,2013-2014,34.5,894.0,198.5,363.5,6.5,22.0,155.5,225.0,89.0,296.0,40.0,66.5,25.0,62.5,91.0,559.0,0.55,0.23,0.69,25.9,16.15,8.55,1.2,421
Jeff Green,2004-2006,34.0,1129.33,161.67,331.33,29.67,82.67,93.33,133.33,0.0,221.33,106.0,30.67,42.33,0.0,0.0,446.33,0.49,0.36,0.7,33.2,13.1,6.5,3.13,736
Blake Griffin,2007-2008,34.0,0.0,242.0,391.5,1.5,5.0,153.5,260.5,0.0,402.5,70.5,36.0,34.5,96.0,0.0,639.0,0.61,0.19,0.59,0.0,18.7,11.75,2.05,359
Kyle Guy,2016-2018,35.33,1027.0,155.33,358.33,84.67,199.0,45.67,56.67,15.0,105.67,57.67,24.67,1.33,38.67,39.0,441.0,0.43,0.44,0.79,28.8,12.33,2.93,1.63,74
Rui Hachimura,2016-2018,34.0,670.67,154.0,266.0,8.0,25.33,94.0,126.0,37.0,150.67,27.0,20.0,16.67,40.0,54.33,410.0,0.56,0.3,0.69,18.5,11.3,4.2,0.73,344
Tyrese Haliburton,2018-2019,28.5,985.0,104.5,205.5,50.5,118.5,27.5,35.5,29.0,124.5,133.5,54.0,22.5,44.5,37.5,287.0,0.51,0.43,0.76,34.95,11.0,4.65,5.05,"1,060"
Tim Hardaway Jr.,2010-2012,35.67,1186.67,175.67,413.0,67.33,196.33,92.0,127.0,20.67,146.67,75.0,25.33,11.0,60.67,70.67,510.67,0.42,0.34,0.72,33.23,14.33,4.1,2.07,598
James Harden,2007-2008,34.5,0.0,208.5,412.0,51.0,135.5,186.5,247.0,0.0,187.0,129.0,66.0,15.0,103.5,0.0,654.5,0.51,0.38,0.76,0.0,18.95,5.45,3.7,"1,303"
Jared Harper,2016-2018,35.33,1043.0,132.67,345.67,71.0,198.0,139.33,176.0,12.0,81.0,170.33,40.67,1.67,71.67,63.33,475.67,0.38,0.36,0.78,29.23,13.3,2.27,4.73,7
Montrezl Harrell,2012-2014,37.33,987.0,177.67,303.33,3.67,13.33,72.33,135.67,98.0,259.0,34.0,30.33,39.33,48.33,71.33,431.33,0.58,0.3,0.52,26.87,11.8,7.07,0.93,882
Gary Harris,2012-2013,34.5,1070.5,172.5,392.0,73.0,194.0,94.5,120.0,33.5,113.0,70.0,54.0,10.5,55.5,70.5,512.5,0.44,0.38,0.78,31.0,14.8,3.25,2.05,679
Joe Harris,2010-2013,33.75,1021.0,142.0,319.0,65.75,161.5,74.75,103.5,29.0,127.25,63.5,29.0,12.0,53.25,76.75,424.5,0.44,0.41,0.73,30.25,12.5,3.8,1.88,158
Shaquille Harrison,2014-2015,33.0,1051.0,168.5,365.0,10.5,48.0,117.5,186.0,36.5,175.0,128.5,63.5,13.5,74.0,76.0,465.0,0.46,0.22,0.63,31.85,14.1,5.3,3.9,4
Josh Hart,2013-2016,36.5,1023.25,169.25,331.5,51.75,133.0,90.0,125.0,63.0,203.0,66.5,40.25,10.75,48.5,81.75,480.25,0.51,0.38,0.71,27.85,13.02,5.52,1.8,807
Udonis Haslem,1998-2001,32.5,809.0,158.25,271.0,0.0,0.75,128.75,193.25,0.0,207.75,34.75,26.75,30.0,0.0,0.0,445.25,0.59,0.0,0.66,25.02,13.78,6.48,1.08,30
Gordon Hayward,2008-2009,34.5,619.5,149.0,317.0,58.0,157.0,140.0,170.0,36.0,256.0,62.5,44.0,30.0,69.0,39.0,496.0,0.47,0.37,0.82,16.75,14.3,7.35,1.85,773
Buddy Hield,2012-2015,33.0,1045.5,195.75,437.0,87.25,223.5,94.0,112.5,52.25,165.25,63.5,42.0,9.5,71.25,64.75,572.75,0.44,0.36,0.82,31.25,16.68,4.93,1.92,"1,162"
George Hill,2004-2007,23.75,791.0,134.0,253.25,22.5,55.75,114.25,145.5,0.0,136.75,79.25,38.75,7.25,23.5,0.0,404.75,0.52,0.37,0.74,32.17,16.42,5.68,3.03,312
Solomon Hill,2009-2012,34.75,1007.5,121.75,253.0,28.75,76.75,85.25,114.5,62.5,193.25,76.0,31.75,12.25,72.5,84.75,357.5,0.48,0.34,0.74,28.98,10.25,5.52,2.17,8
Nate Hinton,2018-2019,34.0,825.0,98.5,239.5,37.0,101.0,64.0,80.0,62.0,216.0,53.0,40.5,4.0,36.0,62.5,298.0,0.41,0.36,0.81,24.75,8.9,6.55,1.6,0
Aaron Holiday,2015-2017,33.67,1069.67,158.67,352.67,60.0,142.33,103.67,130.33,16.0,106.67,159.0,42.0,7.33,101.33,90.33,481.0,0.45,0.42,0.78,31.93,14.3,3.2,4.73,374
Justin Holiday,2007-2010,30.75,436.0,63.0,142.25,14.5,42.25,23.0,31.25,30.5,112.0,47.0,23.5,15.5,32.0,32.5,163.5,0.41,0.24,0.66,12.62,4.8,3.38,1.38,709
Richaun Holmes,2012-2014,31.67,839.33,134.33,242.67,10.0,28.33,84.33,121.0,83.33,217.33,20.67,25.0,81.33,47.67,77.67,363.0,0.57,0.24,0.68,26.53,11.5,6.9,0.63,468
Rodney Hood,2011-2013,33.5,1100.0,159.0,349.5,59.0,149.0,68.0,88.0,30.0,145.5,69.5,19.0,11.5,42.0,66.0,445.0,0.45,0.39,0.73,32.85,13.2,4.35,2.05,150
Al Horford,2004-2006,36.33,932.67,141.33,241.33,0.0,1.33,91.67,148.0,0.0,288.0,62.33,31.33,63.0,0.0,0.0,374.33,0.57,0.0,0.61,25.5,10.03,7.87,1.7,638
Danuel House Jr.,2012-2015,29.75,896.75,136.75,328.75,50.5,149.5,96.75,138.5,37.5,140.0,59.5,21.25,13.25,57.0,55.75,420.75,0.42,0.34,0.69,30.12,14.1,4.7,1.98,200
Markus Howard,2016-2019,32.0,963.25,216.0,486.25,108.5,254.25,149.75,169.75,13.0,103.25,98.0,30.5,1.5,95.0,76.5,690.25,0.45,0.44,0.89,30.05,21.6,3.22,3.08,101
Kevin Huerter,2016-2017,32.5,1036.0,136.5,293.0,69.0,175.0,47.5,63.5,26.5,162.0,98.0,26.0,22.0,63.0,68.0,389.5,0.46,0.39,0.74,31.9,12.05,4.95,3.05,792
Elijah Hughes,2016-2019,30.33,932.67,137.0,333.0,63.0,184.0,86.0,112.67,16.0,121.0,63.67,31.0,21.33,53.33,58.67,423.0,0.4,0.33,0.75,29.97,13.5,3.83,2.07,107
De'Andre Hunter,2017-2018,35.5,945.5,154.5,303.5,33.5,80.0,98.5,127.5,45.0,155.0,55.5,20.5,17.5,41.5,68.0,441.0,0.5,0.41,0.77,26.2,12.2,4.3,1.55,616
Chandler Hutchison,2014-2017,30.75,737.0,130.75,274.5,19.75,56.0,88.25,128.5,34.5,168.0,63.75,30.0,7.25,59.0,67.0,369.5,0.46,0.31,0.67,23.7,11.82,5.4,2.05,4
Andre Iguodala,2002-2003,31.0,788.0,102.5,241.5,16.0,58.5,76.0,103.0,0.0,204.5,106.5,47.5,14.5,0.0,0.0,297.0,0.42,0.26,0.73,25.65,9.65,6.65,3.5,113
Wes Iwundu,2013-2016,33.0,932.0,106.25,229.25,12.75,37.75,87.0,126.5,38.0,154.5,91.5,30.25,13.0,70.0,69.25,312.25,0.46,0.33,0.67,28.15,9.35,4.62,2.75,22
Justin Jackson,2014-2016,39.33,1143.33,205.0,447.0,56.0,165.33,76.0,106.67,60.33,160.33,104.67,25.33,15.0,54.33,59.67,542.0,0.46,0.32,0.71,29.03,13.73,4.1,2.63,15
Reggie Jackson,2008-2010,33.0,698.33,151.67,326.33,40.33,115.0,74.33,98.67,31.33,144.33,116.67,27.67,15.33,67.67,40.0,418.0,0.46,0.33,0.74,21.4,12.7,4.43,3.57,"1,180"
Justin James,2015-2018,32.75,921.0,173.0,391.25,39.5,117.25,129.75,177.5,26.0,176.5,85.75,30.25,16.0,82.0,72.5,515.25,0.44,0.35,0.7,28.0,15.55,5.35,2.62,0
DaQuan Jeffries,2015-2018,28.33,669.67,100.67,190.0,26.67,70.67,52.33,68.0,41.67,141.0,33.33,21.33,30.67,35.67,78.67,280.33,0.54,0.38,0.78,23.47,9.8,4.97,1.13,2
Ty Jerome,2016-2018,35.0,925.0,121.0,278.33,55.33,141.33,39.67,50.33,9.67,106.0,128.0,42.33,1.33,48.33,67.33,337.0,0.44,0.39,0.81,26.2,9.5,2.97,3.63,338
Isaiah Joe,2018-2019,30.0,981.5,140.0,359.0,103.5,274.0,71.5,86.5,17.5,100.5,51.5,44.0,6.0,43.5,56.0,455.0,0.39,0.38,0.82,33.1,15.4,3.45,1.7,176
Cameron Johnson,2014-2018,27.0,685.0,103.2,226.0,51.8,127.8,44.6,54.6,29.6,109.4,48.6,20.6,6.8,27.6,47.4,302.8,0.43,0.39,0.76,23.72,10.1,3.58,1.6,770
James Johnson,2007-2008,30.5,0.0,175.5,341.0,25.0,84.5,75.5,109.0,0.0,254.0,49.5,42.5,44.0,76.0,0.0,451.5,0.51,0.3,0.69,0.0,14.8,8.3,1.6,335
Tyler Johnson,2010-2013,32.0,884.5,122.75,269.25,29.75,80.0,62.25,87.0,45.75,154.75,75.75,35.0,9.0,44.0,84.25,337.5,0.45,0.32,0.68,27.42,10.42,4.72,2.35,17
Damian Jones,2013-2015,33.0,894.67,169.33,299.0,0.33,2.67,98.67,174.67,69.0,210.0,23.67,12.33,55.67,65.67,100.33,437.67,0.56,0.07,0.56,27.0,13.23,6.37,0.7,343
Mason Jones,2018-2019,32.5,1023.0,163.5,379.5,72.0,201.0,174.0,212.5,20.0,150.5,101.0,40.5,5.5,80.0,89.0,573.0,0.43,0.36,0.82,31.6,17.8,4.7,3.1,5
Tre Jones,2018-2019,32.5,1129.0,147.0,351.0,33.0,105.5,77.5,101.0,25.5,129.0,188.5,60.0,8.0,65.5,53.5,404.5,0.42,0.31,0.76,34.8,12.8,4.0,5.85,323
Luke Kennard,2015-2016,36.5,1137.5,189.0,410.0,71.5,186.5,124.0,143.0,39.0,158.5,73.0,32.5,9.5,43.5,76.0,573.5,0.45,0.38,0.87,31.1,15.65,4.35,2.0,738
Nathan Knight,2016-2019,31.25,830.25,191.25,341.25,13.0,46.0,139.75,190.0,67.5,241.0,67.0,16.75,55.25,70.25,94.5,535.25,0.56,0.26,0.72,26.52,17.1,7.7,2.15,121
John Konchar,2015-2018,33.25,1168.75,189.75,341.0,48.25,116.0,88.5,127.0,77.25,287.25,138.25,68.0,19.5,61.75,68.0,516.25,0.56,0.43,0.69,35.15,15.55,8.62,4.15,310
Luke Kornet,2013-2016,32.0,771.25,95.75,229.5,37.5,117.25,54.75,70.25,38.5,152.25,35.75,12.25,52.5,34.5,62.5,283.75,0.41,0.31,0.71,23.98,8.7,4.8,1.15,14
Kyle Kuzma,2014-2016,32.0,671.0,124.0,245.0,17.0,56.33,57.0,90.0,51.67,177.33,47.0,10.33,11.67,50.33,50.33,322.0,0.49,0.3,0.61,21.0,10.17,5.6,1.47,"1,130"
Anthony Lamb,2016-2019,29.5,810.75,171.25,360.0,36.0,107.0,104.75,133.75,48.25,191.25,48.75,25.0,40.0,62.0,69.25,483.25,0.48,0.35,0.79,27.12,16.25,6.35,1.6,0
Jeremy Lamb,2010-2011,37.5,1203.0,199.5,414.0,58.5,168.0,72.5,90.0,41.0,174.5,62.0,38.5,23.0,60.0,60.5,530.0,0.48,0.35,0.8,32.5,14.4,4.7,1.65,363
Jake Layman,2012-2015,35.25,984.5,120.5,270.75,49.5,136.75,68.5,90.25,39.75,168.5,39.0,30.75,28.25,51.0,68.0,359.0,0.44,0.36,0.75,28.18,10.32,4.82,1.08,65
Damion Lee,2011-2015,25.0,820.8,127.2,293.6,51.4,142.0,97.4,115.6,22.4,119.6,48.8,28.4,5.2,43.4,59.6,403.2,0.42,0.35,0.84,32.08,15.88,4.74,2.0,439
Saben Lee,2017-2019,32.0,983.67,146.67,311.67,29.0,88.33,123.67,172.33,18.0,105.0,118.33,40.33,6.33,86.0,65.67,446.0,0.47,0.33,0.72,30.77,13.97,3.27,3.7,175
Alex Len,2011-2012,30.0,735.0,112.5,209.0,0.5,4.5,66.0,99.5,72.5,208.5,25.0,6.0,62.5,46.5,77.5,291.5,0.54,0.06,0.64,23.8,8.95,6.6,0.8,233
Kawhi Leonard,2009-2010,35.0,1118.0,188.5,420.0,20.5,82.0,97.5,131.0,115.0,358.0,78.0,49.0,22.5,76.5,87.0,495.0,0.45,0.25,0.74,31.95,14.1,10.25,2.2,0
Caris LeVert,2012-2015,25.75,680.25,91.5,210.75,33.5,83.5,51.0,66.25,9.75,91.0,68.75,24.25,5.5,34.0,37.75,267.5,0.42,0.39,0.72,27.85,11.65,3.9,3.08,875
Kira Lewis Jr.,2018-2019,32.5,1121.0,181.5,406.0,55.0,152.0,97.5,123.0,19.5,117.5,130.0,42.0,14.0,92.0,71.0,515.5,0.45,0.36,0.79,34.6,16.0,3.7,4.05,141
Damian Lillard,2008-2011,26.0,613.0,146.0,327.5,61.5,157.5,130.0,150.0,8.5,111.0,90.5,32.25,4.75,61.5,35.75,483.5,0.44,0.38,0.86,24.32,18.4,4.18,3.45,695
Brook Lopez,2006-2007,26.5,742.5,162.0,337.5,1.5,10.5,99.0,129.5,0.0,188.5,28.5,13.5,50.5,29.0,0.0,424.5,0.48,0.1,0.74,28.0,15.95,7.1,1.1,65
Robin Lopez,2006-2007,33.5,813.0,118.0,231.0,0.5,1.0,64.0,104.5,0.0,188.0,25.5,11.5,78.0,31.5,0.0,300.5,0.51,0.5,0.6,24.25,8.85,5.6,0.75,223
Kyle Lowry,2004-2005,28.5,762.0,90.5,201.5,6.5,20.0,84.0,114.0,0.0,109.5,85.5,54.0,6.5,0.0,0.0,271.5,0.44,0.34,0.71,26.25,9.25,3.75,2.85,770
Terance Mann,2015-2018,35.0,905.0,126.25,228.75,13.5,41.25,64.5,96.25,66.5,177.5,67.25,28.0,8.5,47.75,71.0,330.5,0.56,0.31,0.64,25.72,9.4,5.03,1.92,802
Naji Marshall,2017-2019,33.0,1018.67,150.67,343.0,35.67,123.33,88.67,122.33,35.0,195.33,97.67,33.0,10.0,89.33,76.67,425.67,0.46,0.3,0.73,31.13,13.07,5.97,3.0,261
Caleb Martin,2014-2018,34.75,989.75,151.25,365.25,77.75,216.5,91.0,125.5,30.25,156.5,65.25,33.75,19.5,49.5,73.25,471.25,0.4,0.35,0.71,28.58,13.6,4.53,1.87,527
Cody Martin,2014-2018,30.5,881.5,112.5,224.75,13.0,40.0,56.5,82.0,42.75,139.75,108.5,38.75,24.0,50.25,69.5,294.5,0.49,0.27,0.65,26.85,8.88,4.3,3.28,498
Kelan Martin,2014-2017,34.0,914.0,178.25,407.75,56.0,161.0,99.25,126.25,35.0,177.25,40.25,19.75,14.0,59.25,70.75,511.75,0.43,0.33,0.77,26.82,15.0,5.25,1.18,171
Garrison Mathews,2015-2018,33.5,943.5,188.75,423.25,90.0,240.75,152.0,192.75,34.75,166.75,63.0,29.25,8.0,68.75,77.0,619.5,0.44,0.37,0.78,28.15,18.45,5.0,1.88,591
Dakota Mathias,2014-2017,35.25,901.0,96.25,221.75,62.5,149.25,30.0,37.25,5.25,108.75,102.0,26.0,4.5,38.25,62.5,285.0,0.42,0.41,0.8,25.42,8.0,3.08,2.85,6
Wesley Matthews,2005-2008,31.75,0.0,128.0,288.0,25.0,73.25,137.25,171.75,0.0,157.0,67.75,38.75,9.5,34.75,0.0,418.25,0.44,0.35,0.79,0.0,12.8,4.85,2.15,204
Skylar Mays,2016-2019,32.5,990.75,130.0,292.0,43.25,125.25,101.0,119.5,15.5,117.75,95.5,53.25,6.25,59.5,55.25,404.25,0.44,0.35,0.84,30.38,12.42,3.62,2.95,80
CJ McCollum,2009-2012,27.75,914.25,191.75,436.5,54.25,144.0,152.5,184.75,41.75,174.0,76.0,57.0,12.75,66.75,48.75,590.25,0.45,0.4,0.83,32.65,21.68,6.08,2.72,"1,232"
T.J. McConnell,2010-2014,34.75,1106.25,137.5,280.75,34.5,90.75,44.0,58.75,23.5,134.5,187.75,81.0,6.0,70.25,64.5,353.5,0.49,0.38,0.74,31.92,10.25,3.9,5.38,201
Jalen McDaniels,2017-2018,33.5,935.0,169.0,335.0,14.0,47.0,91.0,120.0,70.5,264.5,50.5,32.5,17.5,59.0,88.5,443.0,0.53,0.27,0.76,27.85,13.2,7.9,1.5,286
Doug McDermott,2010-2013,36.25,1142.25,285.25,518.75,68.5,149.5,148.5,178.75,70.25,272.0,48.5,8.5,3.5,80.25,66.25,787.5,0.55,0.46,0.82,31.58,21.92,7.52,1.38,578
JaVale McGee,2006-2007,33.0,616.0,117.0,216.0,8.0,22.5,45.0,87.5,0.0,157.0,11.5,16.0,61.0,40.0,0.0,287.0,0.56,0.5,0.5,18.65,8.7,4.75,0.35,632
Rodney McGruder,2009-2012,33.75,925.5,142.0,314.25,47.0,123.5,63.0,83.0,63.5,163.5,46.5,29.0,9.0,42.75,51.25,394.0,0.46,0.39,0.75,27.33,11.6,4.82,1.35,223
Alfonzo McKinnie,2010-2014,24.0,452.75,67.75,134.0,6.75,19.25,30.0,48.25,45.5,123.75,5.75,11.75,12.5,30.25,66.0,172.25,0.5,0.2,0.65,17.5,6.6,4.68,0.25,59
Jordan McLaughlin,2014-2017,32.0,1073.5,143.0,326.0,46.25,122.0,79.75,108.0,20.75,113.5,184.75,53.25,5.5,75.75,33.5,412.0,0.43,0.37,0.73,33.35,12.8,3.53,5.62,195
Sam Merrill,2016-2019,32.75,1090.0,178.75,380.25,79.75,189.75,112.0,125.75,9.5,118.75,119.25,32.25,6.25,52.0,78.25,549.25,0.47,0.43,0.88,33.1,16.58,3.6,3.63,25
Chimezie Metu,2015-2017,34.67,936.33,165.0,309.33,4.33,14.33,93.67,135.33,63.67,218.67,40.33,24.67,56.0,60.0,87.0,428.0,0.53,0.27,0.66,26.93,12.3,6.27,1.17,470
Khris Middleton,2009-2011,29.0,754.33,113.33,263.0,30.67,95.67,69.67,90.67,43.67,132.0,58.33,29.0,5.67,57.67,62.33,327.0,0.43,0.32,0.76,26.43,11.57,4.63,2.07,"1,220"
Patty Mills,2007-2008,29.0,0.0,162.0,390.0,64.0,193.5,87.0,108.0,0.0,64.5,106.0,57.0,4.5,83.0,0.0,475.0,0.42,0.33,0.81,0.0,16.6,2.25,3.7,880
Paul Millsap,2003-2005,30.67,1080.0,219.33,380.33,2.0,5.33,128.67,207.67,0.0,390.67,29.0,40.33,61.0,0.0,0.0,569.33,0.58,0.45,0.62,35.27,18.53,12.73,0.93,115
Shake Milton,2015-2017,29.0,1006.33,129.33,286.33,63.33,148.33,66.67,84.33,12.67,112.0,112.33,33.0,11.0,53.0,45.0,388.67,0.45,0.43,0.78,34.83,13.83,3.93,3.87,374
Donovan Mitchell,2015-2016,32.5,844.5,132.5,317.0,49.0,149.0,65.0,82.5,35.5,134.5,72.5,47.5,10.0,43.0,83.0,379.0,0.42,0.3,0.78,25.7,11.5,4.15,2.2,"1,607"
E'Twaun Moore,2007-2010,35.0,563.75,195.0,443.5,60.75,159.75,83.25,114.25,20.75,152.5,100.0,41.0,14.75,72.25,37.5,534.0,0.44,0.38,0.73,16.35,15.28,4.35,2.88,0
Ja Morant,2017-2018,32.5,1147.5,199.0,410.5,42.0,122.5,166.5,205.5,47.5,198.0,266.0,44.0,20.0,124.5,56.0,606.5,0.48,0.34,0.81,35.3,18.6,6.1,8.15,"1,543"
Juwan Morgan,2015-2018,32.0,738.0,129.25,230.0,14.25,48.0,70.75,105.5,65.0,189.25,37.75,26.5,34.5,42.5,75.5,343.5,0.55,0.33,0.7,22.75,10.52,5.82,1.17,5
Markieff Morris,2008-2010,36.33,519.33,113.67,205.67,12.67,31.33,67.67,103.67,55.33,220.67,42.0,20.0,34.33,57.33,66.67,307.67,0.53,0.38,0.65,14.0,8.33,6.0,1.17,119
Monte Morris,2013-2016,35.0,1183.5,159.0,334.0,38.0,99.75,71.0,91.0,27.0,129.0,192.0,56.25,10.25,41.25,53.0,427.0,0.47,0.38,0.78,33.83,12.22,3.68,5.5,891
Mychal Mulder,2015-2016,28.0,214.0,28.0,74.5,18.5,54.0,7.0,7.5,12.5,37.5,10.0,4.5,3.0,6.5,16.5,81.5,0.3,0.27,0.96,7.2,2.6,1.3,0.35,55
Mike Muscala,2009-2012,33.25,953.75,180.75,360.75,5.25,16.75,142.25,173.75,75.25,273.25,52.75,14.0,67.75,54.25,78.0,509.0,0.5,0.32,0.82,28.55,15.12,8.1,1.58,344
Svi Mykhailiuk,2014-2017,34.0,767.5,105.5,246.5,59.25,144.75,25.0,33.5,23.25,85.0,50.5,24.25,6.75,36.5,56.75,295.25,0.41,0.38,0.75,21.45,8.15,2.35,1.4,249
Abdel Nader,2011-2015,29.25,711.25,108.0,276.5,32.0,105.0,53.75,73.5,26.0,125.75,31.75,23.75,17.75,66.75,71.75,301.75,0.39,0.29,0.74,24.28,10.55,4.43,1.05,34
Larry Nance Jr.,2011-2014,30.75,907.75,127.5,244.5,9.0,29.25,82.5,107.0,46.25,201.75,43.0,35.25,33.75,48.25,71.0,346.5,0.51,0.31,0.78,29.88,11.58,6.68,1.42,268
Aaron Nesmith,2018-2019,23.0,714.0,109.5,248.0,59.5,145.0,59.0,71.5,22.5,122.5,29.0,21.5,15.0,37.5,68.5,337.5,0.45,0.43,0.82,32.35,17.0,5.2,1.15,172
Georges Niang,2012-2015,34.5,1027.5,212.25,424.25,47.0,125.5,85.5,112.0,40.5,178.5,105.25,23.0,16.75,79.5,105.5,557.0,0.5,0.38,0.76,29.78,16.15,5.18,3.03,652
Jaylen Nowell,2017-2018,35.0,1173.0,210.5,442.0,45.0,113.5,97.5,123.5,34.0,162.5,102.0,41.0,9.0,95.5,88.5,563.5,0.48,0.4,0.79,33.45,16.1,4.65,2.9,476
Kendrick Nunn,2013-2017,31.5,949.0,157.75,368.25,73.5,190.5,59.75,72.75,14.25,113.75,65.5,36.5,6.75,53.25,56.25,448.75,0.43,0.38,0.81,30.68,14.68,3.72,2.12,0
David Nwaba,2013-2015,29.33,763.67,124.33,262.67,1.33,8.0,99.0,152.33,54.67,155.33,60.0,32.0,16.33,47.0,58.0,349.0,0.47,0.11,0.65,26.2,11.87,5.27,2.07,231
Jordan Nwora,2017-2019,31.0,815.33,146.33,328.67,59.33,150.67,79.33,101.0,35.67,187.0,31.67,24.0,7.67,56.0,58.0,431.33,0.45,0.4,0.78,25.67,13.57,5.83,1.0,432
Royce O'Neale,2011-2014,33.5,1014.25,102.75,215.5,36.25,90.75,75.25,100.25,51.75,189.0,100.0,40.0,11.25,64.5,81.0,317.0,0.48,0.41,0.75,30.4,9.58,5.63,2.98,549
Semi Ojeleye,2013-2016,19.33,446.0,74.0,154.33,27.0,65.0,62.0,79.0,30.0,89.67,18.67,7.33,6.0,18.33,26.33,237.0,0.42,0.42,0.76,16.43,7.87,3.37,0.6,98
Chuma Okeke,2017-2018,36.0,919.5,130.0,270.0,44.5,114.5,51.0,72.5,87.5,228.5,55.5,46.0,35.5,46.5,68.5,355.5,0.48,0.39,0.7,25.35,9.75,6.3,1.5,541
Josh Okogie,2016-2017,30.5,1007.0,163.5,374.0,33.0,86.5,156.5,201.5,54.5,175.5,60.0,45.0,25.0,69.0,82.0,516.5,0.43,0.38,0.78,33.6,17.15,5.85,2.05,109
KZ Okpala,2017-2018,26.0,802.0,122.5,279.0,19.5,59.0,95.0,141.0,30.5,125.5,49.5,26.0,14.0,70.0,71.5,359.5,0.43,0.3,0.68,30.6,13.4,4.7,1.9,77
Victor Oladipo,2010-2012,34.67,852.67,135.33,251.33,16.0,47.33,85.67,119.67,69.0,179.0,58.33,53.67,18.67,67.67,82.67,372.33,0.54,0.32,0.7,24.37,10.6,5.1,1.67,38
Cameron Oliver,2015-2016,36.5,1116.5,201.5,415.0,43.0,116.5,89.5,132.0,80.0,324.5,47.0,26.0,95.0,81.0,108.5,535.5,0.49,0.36,0.68,30.65,14.7,8.9,1.3,23
Kelly Olynyk,2009-2012,33.67,578.33,112.67,189.67,8.33,25.0,67.33,95.0,50.67,153.67,35.67,17.33,15.33,46.67,65.67,301.0,0.57,0.32,0.66,17.4,9.13,4.6,1.07,321
Miye Oni,2016-2018,29.0,918.67,150.0,350.67,58.0,163.0,78.0,100.33,23.67,179.67,95.67,24.67,30.33,74.0,81.67,436.0,0.43,0.36,0.78,31.67,15.03,6.2,3.3,5
Daniel Oturu,2018-2019,33.0,942.0,195.0,349.5,10.0,27.0,100.0,149.0,102.0,297.5,26.5,16.5,61.0,70.5,89.0,500.0,0.56,0.43,0.66,28.85,15.45,9.15,0.8,9
Eric Paschall,2014-2018,34.25,1014.25,147.25,314.75,42.5,128.25,84.75,110.75,52.5,176.0,52.25,25.25,17.75,66.25,78.5,421.75,0.48,0.32,0.76,29.7,12.55,5.18,1.48,322
Chris Paul,2003-2004,31.5,1055.0,139.0,294.5,43.0,91.5,153.0,182.5,0.0,122.5,197.5,80.0,6.5,0.0,0.0,474.0,0.47,0.47,0.84,33.5,15.05,3.9,6.25,902
Cameron Payne,2013-2014,34.5,1119.0,217.5,503.5,78.0,217.0,126.5,162.0,15.5,126.0,197.0,62.5,18.5,98.5,84.0,639.5,0.43,0.36,0.78,32.45,18.5,3.65,5.7,587
Elfrid Payton,2011-2013,33.33,1051.67,167.0,344.0,10.0,37.33,131.33,215.0,49.33,169.33,162.0,65.67,17.0,112.0,75.33,475.33,0.48,0.19,0.61,31.37,14.1,5.07,4.8,138
Gary Payton II,2014-2015,31.5,1110.5,183.5,378.0,24.5,81.0,72.0,110.5,70.5,241.0,129.5,87.5,26.5,66.5,84.5,463.5,0.49,0.3,0.65,35.3,14.7,7.65,4.1,456
Reggie Perry,2018-2019,32.5,888.0,150.5,300.5,17.0,55.0,116.0,155.0,93.0,278.5,46.5,22.5,30.5,70.0,97.0,434.0,0.5,0.3,0.74,27.5,13.55,8.65,1.45,13
Theo Pinson,2014-2017,30.5,661.75,64.25,150.5,11.5,44.75,49.25,66.0,36.75,134.0,104.0,24.0,9.75,46.5,53.0,189.25,0.41,0.26,0.7,21.18,5.92,4.32,3.3,28
Mason Plumlee,2009-2012,35.25,913.0,131.25,228.75,0.5,2.5,83.0,142.25,83.25,272.0,53.0,28.75,49.75,70.5,86.75,346.0,0.56,0.06,0.55,25.78,9.78,7.67,1.48,436
Jakob Poeltl,2014-2015,35.0,942.5,178.0,270.5,0.0,0.5,109.5,181.0,97.0,278.5,46.5,16.5,59.5,64.5,82.5,465.5,0.66,0.0,0.57,26.85,13.15,7.95,1.3,852
Jordan Poole,2017-2018,37.5,850.0,118.0,272.0,57.5,155.5,59.0,71.0,5.5,81.5,51.0,30.0,7.0,41.0,57.0,352.5,0.43,0.37,0.83,22.8,9.45,2.2,1.4,"1,255"
Otto Porter Jr.,2011-2012,32.0,1038.5,146.5,294.0,27.5,77.5,90.5,120.5,60.5,228.5,67.5,47.0,27.5,42.5,62.5,411.0,0.5,0.32,0.74,32.55,12.95,7.15,2.1,492
Dwight Powell,2010-2013,34.0,892.25,128.75,277.5,8.25,28.5,100.5,139.25,56.25,213.25,60.0,31.25,29.5,70.75,97.5,366.25,0.46,0.26,0.72,26.17,10.7,6.28,1.72,621
Norman Powell,2011-2014,35.25,888.75,125.75,272.5,27.75,88.5,64.75,86.75,14.5,106.0,53.5,39.5,14.25,45.0,72.0,344.0,0.45,0.31,0.7,25.05,9.62,2.98,1.52,809
Taurean Prince,2012-2015,32.25,651.0,117.0,254.25,32.5,86.5,63.75,88.75,50.5,136.75,36.25,30.25,15.75,55.25,67.75,330.25,0.49,0.36,0.71,19.4,9.93,4.18,1.08,464
Payton Pritchard,2016-2019,36.0,1213.5,164.25,376.0,72.0,189.75,84.0,105.0,23.75,137.5,164.75,52.75,1.75,73.0,80.25,484.5,0.43,0.38,0.79,33.88,13.82,3.85,4.62,386
Immanuel Quickley,2018-2019,33.5,836.0,96.5,239.5,46.0,116.0,98.5,110.0,9.0,95.5,50.0,21.5,2.5,40.5,57.0,337.5,0.39,0.39,0.88,25.75,10.65,3.0,1.55,766
Paul Reed,2017-2019,31.0,720.33,133.67,249.67,11.33,34.33,49.0,66.33,73.33,233.67,30.33,36.33,47.33,48.33,75.67,327.67,0.53,0.31,0.7,22.83,10.33,7.43,0.97,76
Nick Richards,2017-2019,35.0,636.0,93.67,149.33,0.0,0.0,69.67,95.67,64.33,175.67,7.67,3.33,48.67,33.67,83.33,257.0,0.62,0.0,0.72,18.8,7.7,5.17,0.2,144
Josh Richardson,2011-2014,34.0,960.5,114.5,251.25,24.5,77.0,59.5,78.5,29.0,109.75,61.5,36.75,22.0,52.25,75.25,313.0,0.44,0.29,0.73,28.35,9.28,3.28,1.83,580
Grant Riller,2016-2019,33.0,1066.25,220.0,423.75,46.75,131.5,131.75,165.5,15.25,108.75,91.5,41.25,8.25,71.75,63.75,618.5,0.52,0.35,0.79,32.4,18.88,3.35,2.8,0
Duncan Robinson,2015-2017,38.33,954.33,119.0,261.67,79.0,188.33,40.33,46.67,17.33,97.33,47.33,21.67,11.0,26.67,83.33,357.33,0.46,0.42,0.85,24.93,9.37,2.53,1.27,812
Justin Robinson,2015-2018,31.25,894.75,105.5,237.25,37.75,98.0,97.0,125.5,16.25,83.0,140.5,31.25,3.5,71.75,65.0,345.75,0.44,0.38,0.77,28.78,11.3,2.7,4.55,78
Isaiah Roby,2016-2018,32.33,773.0,93.33,196.0,16.33,48.67,59.0,84.0,51.67,176.67,47.67,26.67,51.33,51.33,91.0,262.0,0.47,0.31,0.72,23.47,7.87,5.37,1.43,347
Rajon Rondo,2004-2005,34.0,954.0,124.5,252.5,14.0,49.5,64.0,111.0,0.0,153.0,142.5,78.0,6.5,0.0,0.0,327.0,0.5,0.29,0.58,28.05,9.65,4.5,4.2,171
Terrence Ross,2010-2011,34.5,840.5,158.5,350.0,58.0,159.5,48.5,63.5,38.5,160.5,41.0,31.5,22.5,47.0,84.0,423.5,0.45,0.36,0.76,24.25,12.2,4.6,1.2,616
Terry Rozier,2013-2014,36.5,979.5,153.5,376.5,42.0,127.0,88.0,114.0,35.5,157.0,87.5,55.0,4.0,50.5,58.0,437.0,0.41,0.34,0.75,26.95,12.05,4.35,2.4,"1,305"
Domantas Sabonis,2014-2015,37.0,985.5,192.0,304.0,2.5,7.0,114.5,157.0,96.0,347.0,48.5,19.5,21.5,75.5,109.5,501.0,0.64,0.18,0.72,26.75,13.65,9.45,1.35,"1,171"
Landry Shamet,2015-2017,23.67,676.33,98.67,205.67,53.0,121.33,54.33,67.0,13.0,71.0,96.0,18.0,4.67,36.0,48.67,304.67,0.47,0.39,0.79,25.37,11.67,2.9,3.4,504
Pascal Siakam,2014-2015,34.0,1112.0,220.5,400.0,1.5,8.5,120.5,169.5,121.5,328.5,51.5,31.0,68.0,65.5,90.0,563.0,0.56,0.1,0.72,32.7,16.55,9.65,1.5,"1,397"
Chris Silva,2015-2018,33.5,726.0,113.0,227.5,7.0,14.75,144.25,197.75,83.25,219.0,22.25,21.25,46.5,65.75,117.5,377.25,0.5,0.23,0.71,21.68,11.27,6.55,0.68,26
Marcus Smart,2012-2013,32.0,1060.0,157.0,380.0,43.5,147.5,174.5,232.5,47.0,187.5,143.5,94.0,20.0,96.5,91.5,532.0,0.41,0.29,0.75,33.1,16.7,5.85,4.5,790
Ish Smith,2006-2009,30.25,285.0,114.5,269.5,16.5,54.75,33.0,68.25,7.25,112.0,153.0,38.25,5.75,59.5,13.75,278.5,0.43,0.29,0.51,9.2,9.17,3.7,5.03,332
Jalen Smith,2018-2019,32.0,925.0,156.5,303.5,25.5,79.0,94.0,132.5,94.5,275.5,27.0,18.0,56.5,47.0,69.0,432.5,0.52,0.32,0.7,29.0,13.6,8.65,0.85,414
Tony Snell,2010-2012,34.67,861.0,103.67,246.0,55.0,144.67,55.0,67.0,13.67,83.67,71.0,17.67,12.0,51.33,40.67,317.33,0.41,0.37,0.8,24.77,9.13,2.4,2.03,165
Lamar Stevens,2016-2019,33.75,1087.75,200.25,460.25,21.5,78.0,129.75,175.75,50.0,218.75,65.5,26.75,31.75,81.0,86.75,551.75,0.43,0.29,0.74,32.22,16.42,6.5,1.98,320
Max Strus,2017-2018,33.0,1206.5,201.5,480.0,97.0,277.0,113.0,137.0,43.5,191.0,81.0,36.5,16.5,76.0,96.5,613.0,0.42,0.35,0.82,36.5,18.45,5.75,2.45,654
Jae'Sean Tate,2014-2017,32.25,902.75,153.5,278.25,9.0,32.5,62.0,111.75,56.75,192.75,54.0,34.0,16.0,58.5,95.5,378.0,0.55,0.26,0.55,28.12,11.77,6.0,1.67,865
Garrett Temple,2005-2008,33.5,0.0,73.25,197.25,28.25,101.5,50.5,64.5,0.0,125.5,120.5,47.75,28.25,35.0,0.0,225.25,0.37,0.28,0.77,0.0,6.8,3.75,3.62,300
Isaiah Thomas,2008-2010,35.0,734.67,184.67,433.67,54.67,168.33,149.67,210.0,15.33,122.0,138.33,40.67,2.33,93.0,47.33,573.67,0.43,0.32,0.71,21.0,16.4,3.47,3.97,145
Matt Thomas,2013-2016,34.5,877.5,98.5,230.75,63.5,158.5,32.0,39.25,12.75,107.75,45.25,23.0,5.25,28.5,52.75,292.5,0.41,0.39,0.79,25.25,8.43,3.1,1.3,161
Matisse Thybulle,2015-2018,33.75,990.75,110.25,256.75,47.75,133.5,42.25,54.0,29.75,103.75,69.0,82.75,46.25,63.0,95.25,310.5,0.43,0.36,0.78,29.35,9.25,3.08,2.02,348
Killian Tillie,2016-2019,27.0,547.0,96.25,175.5,26.5,59.75,36.75,49.0,32.0,124.25,37.0,22.0,19.25,28.25,62.5,255.75,0.53,0.45,0.73,19.9,9.22,4.5,1.42,118
Anthony Tolliver,2003-2006,31.0,665.5,88.5,180.25,5.25,15.75,68.75,102.5,0.0,150.75,33.75,19.25,34.0,0.0,0.0,251.0,0.46,0.41,0.55,20.98,7.9,4.78,1.05,0
Obi Toppin,2018-2019,32.0,927.0,223.0,344.5,21.5,51.5,80.5,114.0,43.5,210.0,64.0,25.5,33.0,65.5,60.5,548.0,0.65,0.46,0.71,29.05,17.2,6.55,2.0,508
Juan Toscano-Anderson,2013-2014,31.0,650.0,67.0,148.0,10.5,36.0,33.0,55.5,52.5,139.5,43.0,33.0,9.0,47.5,68.0,177.5,0.43,0.27,0.64,21.0,5.75,4.5,1.35,286
P.J. Tucker,2003-2005,29.0,839.33,146.0,277.33,0.67,1.33,97.0,136.33,0.0,238.0,56.67,38.67,7.67,0.0,0.0,389.67,0.53,0.22,0.7,28.8,13.4,8.1,1.97,526
Denzel Valentine,2012-2015,36.0,1045.5,144.75,327.25,66.25,162.5,55.5,71.25,39.25,213.75,159.75,33.0,10.0,79.25,75.75,411.25,0.44,0.38,0.76,29.1,11.68,5.98,4.58,69
Fred VanVleet,2012-2015,35.25,943.75,115.75,271.5,35.25,91.25,93.0,115.5,22.75,116.75,159.25,56.25,3.25,51.75,53.75,359.75,0.42,0.39,0.79,27.1,10.42,3.35,4.6,"1,248"
Devin Vassell,2018-2019,31.5,608.0,98.0,206.5,35.0,84.0,33.5,46.5,25.5,101.5,35.0,30.0,19.5,17.5,44.0,264.5,0.46,0.42,0.71,19.75,8.6,3.3,1.1,770
Gabe Vincent,2014-2017,28.25,839.75,124.0,303.25,60.75,161.5,51.5,67.0,14.0,75.25,71.25,29.0,4.5,38.5,76.25,360.25,0.41,0.38,0.76,29.83,12.85,2.72,2.5,559
Dean Wade,2015-2018,31.5,923.75,137.0,275.0,32.0,83.0,71.5,100.5,55.0,171.0,65.0,29.5,19.75,37.0,72.0,377.5,0.49,0.39,0.72,29.4,12.08,5.5,2.1,269
Moritz Wagner,2015-2017,35.67,748.0,140.33,256.67,36.67,95.33,54.0,77.33,42.67,161.33,19.0,27.67,13.33,42.0,89.67,371.33,0.57,0.32,0.66,20.03,9.87,4.3,0.47,488
Kemba Walker,2008-2010,37.0,913.33,192.67,450.0,42.0,129.0,167.0,213.33,28.33,164.33,153.33,61.67,9.33,86.0,38.33,594.33,0.43,0.31,0.77,24.27,15.67,4.4,4.17,431
Brad Wanamaker,2009-2010,34.0,1069.5,133.0,299.5,20.5,59.0,121.5,164.5,51.5,185.5,167.0,45.0,11.0,84.5,85.0,408.0,0.44,0.34,0.74,31.45,12.0,5.45,4.9,83
T.J. Warren,2012-2013,35.0,1091.0,264.0,475.5,22.5,71.5,97.5,149.0,93.5,198.0,34.0,52.5,18.0,58.5,87.0,648.0,0.57,0.39,0.62,31.2,18.5,5.65,0.95,0
P.J. Washington,2017-2018,36.0,1018.0,162.5,312.0,19.0,49.5,122.0,193.0,74.0,237.5,60.0,28.5,37.0,70.0,93.0,466.0,0.52,0.33,0.63,28.35,13.0,6.6,1.65,604
Yuta Watanabe,2014-2017,33.5,1006.75,127.25,299.25,39.0,115.75,71.5,90.75,36.75,152.25,49.25,23.25,36.75,42.5,60.0,365.0,0.42,0.33,0.79,30.48,11.08,4.6,1.52,156
Tremont Waters,2017-2018,33.0,1079.5,170.0,401.5,64.0,188.0,110.5,137.0,10.0,101.5,195.0,81.5,3.5,105.0,69.0,514.5,0.42,0.34,0.81,32.7,15.6,3.1,5.9,10
Quinndary Weatherspoon,2015-2018,32.75,1020.25,176.5,367.75,46.75,127.0,103.25,131.0,47.0,168.75,78.75,50.25,11.5,76.75,75.25,503.0,0.48,0.37,0.79,31.08,15.35,5.12,2.33,30
Grant Williams,2016-2018,34.67,1001.0,183.0,354.67,10.0,34.33,167.0,220.33,85.67,226.0,73.0,29.67,53.33,73.0,110.33,543.0,0.51,0.27,0.75,28.7,15.53,6.47,2.07,557
Kenrich Williams,2014-2017,34.0,1093.67,138.67,286.67,33.67,89.67,64.0,102.33,101.33,292.33,90.33,47.0,23.67,48.33,84.33,375.0,0.48,0.37,0.63,32.17,11.07,8.57,2.67,363
D.J. Wilson,2014-2016,23.0,445.67,64.0,122.0,16.33,45.0,19.33,23.67,20.67,75.67,19.33,8.33,23.33,17.33,32.33,163.67,0.42,0.24,0.52,13.77,4.7,2.4,0.53,30
Dylan Windler,2015-2018,32.0,939.75,148.25,274.0,54.25,133.5,71.0,93.25,52.25,249.75,62.75,32.0,24.5,52.5,76.5,421.75,0.53,0.37,0.74,29.28,13.02,7.72,1.92,103
Cassius Winston,2016-2019,34.75,999.25,162.0,351.25,64.75,150.5,103.5,122.5,8.0,93.5,222.5,31.25,3.0,93.5,68.75,492.25,0.46,0.43,0.84,28.75,14.18,2.68,6.38,10
Christian Wood,2013-2014,31.5,734.0,117.5,246.5,18.0,69.0,74.0,99.0,60.0,213.0,26.5,10.5,59.5,47.5,66.0,327.0,0.45,0.25,0.77,22.85,10.1,6.6,0.8,"1,218"
Robert Woodard II,2018-2019,32.5,810.5,104.5,215.5,21.0,57.0,39.5,64.0,57.5,171.0,32.5,26.5,24.5,40.0,48.0,269.5,0.48,0.35,0.61,25.3,8.45,5.3,1.0,7
Delon Wright,2013-2014,34.0,1183.5,169.5,317.0,19.0,63.5,153.0,188.0,38.0,198.5,176.0,77.5,38.5,76.0,55.0,511.0,0.54,0.29,0.81,34.85,15.0,5.85,5.2,317
Cody Zeller,2011-2012,36.0,1043.5,199.5,337.0,0.0,1.0,179.5,237.5,94.0,262.5,46.0,43.0,43.5,70.5,88.5,578.5,0.59,0.0,0.76,29.0,16.05,7.3,1.3,140
